PublishedOn,Source,IOC,Type,VT_Score
2024-09-18T10:10:36Z,malware.news: Exotic SambaSpy is now dancing with Italian users,belliniepecuniaimmobili.com,Domain,
2024-09-18T10:10:36Z,malware.news: Exotic SambaSpy is now dancing with Italian users,d153006e00884edf7d48b9fe05d83cb4,FileHash,
2024-09-18T10:10:36Z,malware.news: Exotic SambaSpy is now dancing with Italian users,0f3b46d496bbf47e8a2485f794132b48,FileHash,
2024-09-18T10:10:36Z,malware.news: Exotic SambaSpy is now dancing with Italian users,e6be6bc2f8e27631a7bfd2e3f06494aa,FileHash,
2024-09-18T10:10:36Z,malware.news: Exotic SambaSpy is now dancing with Italian users,1ec21bd711b491ad47d5c2ef71ff1a10,FileHash,
2024-09-18T10:10:36Z,malware.news: Exotic SambaSpy is now dancing with Italian users,qpps.site,Domain,
2024-09-18T10:10:36Z,malware.news: Exotic SambaSpy is now dancing with Italian users,lskbd.site,Domain,
2024-09-18T10:10:36Z,malware.news: Exotic SambaSpy is now dancing with Italian users,wedmail.site,Domain,
2024-09-18T10:10:36Z,malware.news: Exotic SambaSpy is now dancing with Italian users,appsabs.site,Domain,
2024-09-18T10:10:36Z,malware.news: Exotic SambaSpy is now dancing with Italian users,bpecuniaimmobili.online,Domain,
2024-09-18T10:10:36Z,malware.news: Exotic SambaSpy is now dancing with Italian users,serverakp.site,Domain,
2024-09-18T10:10:36Z,malware.news: Exotic SambaSpy is now dancing with Italian users,immobilibelliniepecunia.shop,Domain,
2024-09-18T10:10:36Z,malware.news: Exotic SambaSpy is now dancing with Italian users,66d68ce73c83226a.ngrok.app,Domain,
2024-09-03T13:00:00Z,feeds.fortinet.com: Emansrepo Stealer: Multi-Vector Attack Chains,maternamedical.top,Domain,
2024-09-03T13:00:00Z,feeds.fortinet.com: Emansrepo Stealer: Multi-Vector Attack Chains,dasmake.xyz,Domain,
2024-09-11T20:06:07Z,research.checkpoint.com: Targeted Iranian Attacks Against Iraqi Government Infrastructure,mofaiq.com,Domain,
2024-09-05T13:00:00Z,feeds.fortinet.com: Threat Actors Exploit GeoServer Vulnerability CVE-2024-36401,sdfasdfsf.9527527.xyz,Domain,
2024-09-10T10:00:54Z,"news.sophos.com: Crimson Palace returns: New Tools, Tactics, and Targets ",gsenergyspeedtest.com,Domain,
2024-09-10T10:00:54Z,"news.sophos.com: Crimson Palace returns: New Tools, Tactics, and Targets ",cancelle.net,Domain,
2024-09-10T10:00:54Z,"news.sophos.com: Crimson Palace returns: New Tools, Tactics, and Targets ",gandeste.net,Domain,
2024-09-05T13:00:00Z,feeds.fortinet.com: Threat Actors Exploit GeoServer Vulnerability CVE-2024-36401,secure.systemupdatecdn.de,Domain,
2024-09-05T13:00:00Z,feeds.fortinet.com: Threat Actors Exploit GeoServer Vulnerability CVE-2024-36401,bots.gxz.me,Domain,
2024-09-05T13:00:00Z,feeds.fortinet.com: Threat Actors Exploit GeoServer Vulnerability CVE-2024-36401,pool.supportxmr.com,Domain,
2024-09-11T20:06:07Z,research.checkpoint.com: Targeted Iranian Attacks Against Iraqi Government Infrastructure,asiacall.net,Domain,
2024-09-05T13:00:00Z,feeds.fortinet.com: Threat Actors Exploit GeoServer Vulnerability CVE-2024-36401,gsdasdfadfs.9527527.xyz,Domain,
2024-09-02T10:00:38Z,unit42.paloaltonetworks.com: Spoofed GlobalProtect Used to Deliver Unique WikiLoader Variant,globalprojectvpn.com,Domain,
2024-09-02T10:00:38Z,unit42.paloaltonetworks.com: Spoofed GlobalProtect Used to Deliver Unique WikiLoader Variant,arbeitsschutz-mmk.de,Domain,
2024-09-03T13:00:00Z,feeds.fortinet.com: Emansrepo Stealer: Multi-Vector Attack Chains,estanciaferreira.com.br,Domain,
2024-09-06T11:04:28Z,news.sophos.com: Atomic macOS Stealer leads sensitive data theft on macOS,macpaw.us,Domain,
2024-09-02T10:00:38Z,unit42.paloaltonetworks.com: Spoofed GlobalProtect Used to Deliver Unique WikiLoader Variant,elpgtextil.com,Domain,
2024-09-03T14:00:00Z,cloud.google.com: DeFied Expectations — Examining Web3 Heists,autoserverupdate.line.pm,Domain,
2024-09-02T10:00:38Z,unit42.paloaltonetworks.com: Spoofed GlobalProtect Used to Deliver Unique WikiLoader Variant,carniceriamartinezadria.com,Domain,
2024-09-02T10:00:38Z,unit42.paloaltonetworks.com: Spoofed GlobalProtect Used to Deliver Unique WikiLoader Variant,jlholgado.com,Domain,
2024-09-11T20:06:07Z,research.checkpoint.com: Targeted Iranian Attacks Against Iraqi Government Infrastructure,iqwebservice.com,Domain,
2024-09-09T22:00:58Z,unit42.paloaltonetworks.com: Threat Assessment: North Korean Threat Groups,azuredeploystore.com,Domain,
2024-09-02T10:00:38Z,unit42.paloaltonetworks.com: Spoofed GlobalProtect Used to Deliver Unique WikiLoader Variant,www.estudioemm.com,Domain,
2024-09-09T22:00:58Z,unit42.paloaltonetworks.com: Threat Assessment: North Korean Threat Groups,rebelthumb.net,Domain,
2024-09-09T22:00:58Z,unit42.paloaltonetworks.com: Threat Assessment: North Korean Threat Groups,officestoragebox.com,Domain,
2024-09-09T22:00:58Z,unit42.paloaltonetworks.com: Threat Assessment: North Korean Threat Groups,msstorageazure.com,Domain,
2024-09-13T20:25:22Z,www.cybereason.com: CUCKOO SPEAR Part 1: Analyzing NOOPDOOR from an IR Perspective,serveblog.net,Domain,
2024-09-09T22:00:58Z,unit42.paloaltonetworks.com: Threat Assessment: North Korean Threat Groups,azureonlinestorage.com,Domain,
2024-09-09T22:00:58Z,unit42.paloaltonetworks.com: Threat Assessment: North Korean Threat Groups,akamaitechcloudservices.com,Domain,
2024-09-09T22:00:58Z,unit42.paloaltonetworks.com: Threat Assessment: North Korean Threat Groups,zacharryblogs.com,Domain,
2024-09-10T13:07:30Z,www.reliaquest.com: Inc Ransom Attack Analysis: Extortion Methodologies,palloaltonetworks.com,Domain,
2024-09-13T20:25:22Z,www.cybereason.com: CUCKOO SPEAR Part 1: Analyzing NOOPDOOR from an IR Perspective,onthewifi.com,Domain,
2024-09-09T22:00:58Z,unit42.paloaltonetworks.com: Threat Assessment: North Korean Threat Groups,glcloudservice.com,Domain,
2024-09-09T22:00:58Z,unit42.paloaltonetworks.com: Threat Assessment: North Korean Threat Groups,officeaddons.com,Domain,
2024-09-09T22:00:58Z,unit42.paloaltonetworks.com: Threat Assessment: North Korean Threat Groups,sourceslabs.com,Domain,
2024-09-09T22:00:58Z,unit42.paloaltonetworks.com: Threat Assessment: North Korean Threat Groups,pbxsources.com,Domain,
2024-09-18T10:10:36Z,malware.news: Exotic SambaSpy is now dancing with Italian users,lamsnajs.site,Domain,
2024-09-13T20:25:22Z,www.cybereason.com: CUCKOO SPEAR Part 1: Analyzing NOOPDOOR from an IR Perspective,redirectme.net,Domain,
2024-09-12T15:30:48Z,blog.rapid7.com: Ransomware Groups Demystified: Lynx Ransomware,lynxbllrfr5262yvbgtqoyq76s7mpztcqkv6tjjxgpilpma7nyoeohyd.onion,Domain,
2024-09-09T22:00:58Z,unit42.paloaltonetworks.com: Threat Assessment: North Korean Threat Groups,visualstudiofactory.com,Domain,
2024-09-09T22:00:58Z,unit42.paloaltonetworks.com: Threat Assessment: North Korean Threat Groups,msedgepackageinfo.com,Domain,
2024-09-09T22:00:58Z,unit42.paloaltonetworks.com: Threat Assessment: North Korean Threat Groups,pbxphonenetwork.com,Domain,
2024-09-10T10:00:54Z,"news.sophos.com: Crimson Palace returns: New Tools, Tactics, and Targets ",dmsz.org,Domain,
2024-09-09T22:00:58Z,unit42.paloaltonetworks.com: Threat Assessment: North Korean Threat Groups,airbseeker.com,Domain,
2024-08-29T13:00:00Z,blog.google: State-backed attackers and commercial surveillance vendors repeatedly use the same exploits,ceo-adviser.com,Domain,
2024-09-10T04:00:00Z,"blog.talosintelligence.com: DragonRank, a Chinese-speaking SEO manipulator service provider",tttseo.com,Domain,
2024-09-09T22:00:58Z,unit42.paloaltonetworks.com: Threat Assessment: North Korean Threat Groups,globalkeystroke.com,Domain,
2024-08-29T13:00:00Z,blog.google: State-backed attackers and commercial surveillance vendors repeatedly use the same exploits,cabinet.gov.mn,Domain,
2024-08-30T16:00:00Z,www.microsoft.com: North Korean threat actor Citrine Sleet exploiting Chromium zero-day,weinsteinfrog.com,Domain,
2024-09-10T04:00:00Z,"blog.talosintelligence.com: DragonRank, a Chinese-speaking SEO manipulator service provider",mail.tttseo.com,Domain,
2024-09-03T13:00:00Z,feeds.fortinet.com: Emansrepo Stealer: Multi-Vector Attack Chains,64e5c9e7b8dfb8ca8ca73895aa51e585fa7e5414f0e1d10659d3a83b9f770333,FileHash,
2024-09-12T15:30:48Z,blog.rapid7.com: Ransomware Groups Demystified: Lynx Ransomware,lynxblog.net,Domain,
2024-08-30T16:00:00Z,www.microsoft.com: North Korean threat actor Citrine Sleet exploiting Chromium zero-day,voyagorclub.space,Domain,
2024-09-03T13:00:00Z,feeds.fortinet.com: Emansrepo Stealer: Multi-Vector Attack Chains,dd656953a6844dd9585f05545a513c4e8c2ded13e06cdb67a0e58eda7575a7a4,FileHash,
2024-09-10T04:00:00Z,"blog.talosintelligence.com: DragonRank, a Chinese-speaking SEO manipulator service provider",ddos.tttseo.com,Domain,
2024-09-03T13:00:00Z,feeds.fortinet.com: Emansrepo Stealer: Multi-Vector Attack Chains,6670e5c7521966e82d091e7adff4e16335f03f2e2740b653adcc9bfe35c7bf9b,FileHash,
2024-09-13T20:25:22Z,www.cybereason.com: CUCKOO SPEAR Part 1: Analyzing NOOPDOOR from an IR Perspective,zapto.org,Domain,
2024-09-03T13:00:00Z,feeds.fortinet.com: Emansrepo Stealer: Multi-Vector Attack Chains,ae2a5a02d0ef173b1d38a26c5a88b796f4ee2e8f36ee00931c468cd496fb2b5a,FileHash,
2024-08-29T13:00:00Z,blog.google: State-backed attackers and commercial surveillance vendors repeatedly use the same exploits,track-adv.com,Domain,
2024-09-03T13:00:00Z,feeds.fortinet.com: Emansrepo Stealer: Multi-Vector Attack Chains,bee8da411e71547ac765a5e63e177b59582df438432cc3b540b57a6f1a56dd16,FileHash,
2024-09-09T22:00:58Z,unit42.paloaltonetworks.com: Threat Assessment: North Korean Threat Groups,pbxcloudeservices.com,Domain,
2024-09-03T13:00:00Z,feeds.fortinet.com: Emansrepo Stealer: Multi-Vector Attack Chains,8e43c97e5bc62211b3673dee13e376a1f5026502ebe9fd9f7f455dc17c253b7f,FileHash,
2024-09-10T04:00:00Z,"blog.talosintelligence.com: DragonRank, a Chinese-speaking SEO manipulator service provider",admin1.tttseo.com,Domain,
2024-09-03T13:00:00Z,feeds.fortinet.com: Emansrepo Stealer: Multi-Vector Attack Chains,4cd8c9fa7f5e2484b73ed9c7be55aa859969c3f21ca2834610102231d337841d,FileHash,
2024-09-03T13:00:00Z,feeds.fortinet.com: Emansrepo Stealer: Multi-Vector Attack Chains,e346f6b36569d7b8c52a55403a6b78ae0ed15c0aaae4011490404bdb04ff28e5,FileHash,
2024-09-09T22:00:58Z,unit42.paloaltonetworks.com: Threat Assessment: North Korean Threat Groups,e6bbc33815b9f20b0cf832d7401dd893fbc467c800728b5891336706da0dbcec,FileHash,
2024-09-03T13:00:00Z,feeds.fortinet.com: Emansrepo Stealer: Multi-Vector Attack Chains,70ba3d67b476e98419ecbbbb5d81efcb5a07f55a92c96e7b9207176746e3b7a6,FileHash,
2024-09-03T13:00:00Z,feeds.fortinet.com: Emansrepo Stealer: Multi-Vector Attack Chains,9e5580d7c3c22e37b589ec8eea2dae423c8e63f8f666c83edabecf70a0948b99,FileHash,
2024-09-09T22:00:58Z,unit42.paloaltonetworks.com: Threat Assessment: North Korean Threat Groups,jdkgradle.com,Domain,
2024-09-09T22:00:58Z,unit42.paloaltonetworks.com: Threat Assessment: North Korean Threat Groups,5009c7d1590c1f8c05827122172583ddf924c53b55a46826abf66da46725505a,FileHash,
2024-09-09T22:00:58Z,unit42.paloaltonetworks.com: Threat Assessment: North Korean Threat Groups,927b3564c1cf884d2a05e1d7bd24362ce8563a1e9b85be776190ab7f8af192f6,FileHash,
2024-09-09T22:00:58Z,unit42.paloaltonetworks.com: Threat Assessment: North Korean Threat Groups,2360a69e5fd7217e977123c81d3dbb60bf4763a9dae6949bc1900234f7762df1,FileHash,
2024-09-03T13:00:00Z,feeds.fortinet.com: Emansrepo Stealer: Multi-Vector Attack Chains,18459be33cd4f59081098435a0fbaa649f301f985647a75d21b7fc337378e59b,FileHash,
2024-09-09T22:00:58Z,unit42.paloaltonetworks.com: Threat Assessment: North Korean Threat Groups,479038eb12ed07893ee0dcc04fbdcf182489bbb271f5a4f90f83874881a80ce3,FileHash,
2024-09-09T22:00:58Z,unit42.paloaltonetworks.com: Threat Assessment: North Korean Threat Groups,sbmsa.wiki,Domain,
2024-09-02T10:00:38Z,unit42.paloaltonetworks.com: Spoofed GlobalProtect Used to Deliver Unique WikiLoader Variant,d4eb9a4ee389f03c402e553724015af8d5b85835828bd66b1b45131b6837802f,FileHash,
2024-09-06T22:00:58Z,unit42.paloaltonetworks.com: Chinese APT Abuses VSCode to Target Government in Asia,bdadcd2842ed7ba8a21df7910a0acc15f8b0ca9d0b91bebb49f09a906ae217e6,FileHash,
2024-09-09T22:00:58Z,unit42.paloaltonetworks.com: Threat Assessment: North Korean Threat Groups,fee4f9dabc094df24d83ec1a8c4e4ff573e5d9973caa676f58086c99561382d7,FileHash,
2024-09-10T10:00:08Z,"unit42.paloaltonetworks.com: Threat Assessment: Repellent Scorpius, Distributors of Cicada3301 Ransomware",cicadabv7vicyvgz5khl7v2x5yygcgow7ryy6yppwmxii4eoobdaztqd.onion,Domain,
2024-09-09T22:00:58Z,unit42.paloaltonetworks.com: Threat Assessment: North Korean Threat Groups,msstorageboxes.com,Domain,
2024-09-09T22:00:58Z,unit42.paloaltonetworks.com: Threat Assessment: North Korean Threat Groups,2546d239a262c24a6f8ea01d890cbc459a22db79b379b6ec3b24fbb56efb5381,FileHash,
2024-09-09T22:00:58Z,unit42.paloaltonetworks.com: Threat Assessment: North Korean Threat Groups,a03d13c9825e150810e6e6aaf053d71ec5a53b86581414dd982a74d4a8bc5475,FileHash,
2024-09-09T22:00:58Z,unit42.paloaltonetworks.com: Threat Assessment: North Korean Threat Groups,689cfaa9319f3f7529a31472ecf6b2e0ca6891b736de009e0b6c2ebac958cc94,FileHash,
2024-09-06T22:00:58Z,unit42.paloaltonetworks.com: Chinese APT Abuses VSCode to Target Government in Asia,440e7bce4760b367b46754a70f480941a38cd6cd4c00c56bbaeb80b9c149afb1,FileHash,
2024-09-09T22:00:58Z,unit42.paloaltonetworks.com: Threat Assessment: North Korean Threat Groups,c9a7b42c7b29ca948160f95f017e9e9ae781f3b981ecf6edbac943e52c63ffc8,FileHash,
2024-09-03T13:00:00Z,feeds.fortinet.com: Emansrepo Stealer: Multi-Vector Attack Chains,32bcbce53bfee33112b447340e7114d6d46be4ccf1a5391ad685431afdc8fb86,FileHash,
2024-09-03T13:00:00Z,feeds.fortinet.com: Emansrepo Stealer: Multi-Vector Attack Chains,915bad0e2dbe0a18423c046f84d0ff7232fff4e5ba255cc710783f6e4929ab32,FileHash,
2024-09-09T22:00:58Z,unit42.paloaltonetworks.com: Threat Assessment: North Korean Threat Groups,6c121f2b2efa6592c2c22b29218157ec9e63f385e7a1d7425857d603ddef8c59,FileHash,
2024-09-06T22:00:58Z,unit42.paloaltonetworks.com: Chinese APT Abuses VSCode to Target Government in Asia,cca63c929f2f59894ea2204408f67fc1bff774bb7164fde7f42d0111df9461bd,FileHash,
2024-09-06T22:00:58Z,unit42.paloaltonetworks.com: Chinese APT Abuses VSCode to Target Government in Asia,0f11b6dd8ff972a2f8cb7798b1a0a8cd10afadcea201541c93ef0ab9b141c184,FileHash,
2024-09-03T13:00:00Z,feeds.fortinet.com: Emansrepo Stealer: Multi-Vector Attack Chains,a6c2df5df1253f50bd49e7083fef6cdac544d97db4a6c9c30d7852c4fd651921,FileHash,
2024-09-03T13:00:00Z,feeds.fortinet.com: Emansrepo Stealer: Multi-Vector Attack Chains,9bd3b8d9ac6ad680b0d0e39b82a439feedd87b9af580f37fa3d80d2c252fef8c,FileHash,
2024-09-09T22:00:58Z,unit42.paloaltonetworks.com: Threat Assessment: North Korean Threat Groups,87c5d0c93b80acf61d24e7aaf0faae231ab507ca45483ad3d441b5d1acebc43c,FileHash,
2024-09-06T22:00:58Z,unit42.paloaltonetworks.com: Chinese APT Abuses VSCode to Target Government in Asia,fb0c4db0011ee19742d7d8bd0558d8ee8be2ef23c4c61a3e80a34fba6c96f3ff,FileHash,
2024-08-29T13:00:00Z,blog.google: State-backed attackers and commercial surveillance vendors repeatedly use the same exploits,mfa.gov.mn,Domain,
2024-09-03T13:00:00Z,feeds.fortinet.com: Emansrepo Stealer: Multi-Vector Attack Chains,9866934dd2b4e411cdabaa7a96a63f153921a6489f01b0b40d7febed48b02c22,FileHash,
2024-09-09T22:00:58Z,unit42.paloaltonetworks.com: Threat Assessment: North Korean Threat Groups,3ea2ead8f3cec030906dcbffe3efd5c5d77d5d375d4a54cca03bfe8a6cb59940,FileHash,
2024-09-09T22:00:58Z,unit42.paloaltonetworks.com: Threat Assessment: North Korean Threat Groups,99dbc6fe3c3e465052fcefa1642861747dc9e069eeb244589b605bd710b1e0d1,FileHash,
2024-09-05T13:00:00Z,feeds.fortinet.com: Threat Actors Exploit GeoServer Vulnerability CVE-2024-36401,59.59.59.59,IPv4,
2024-09-10T04:00:00Z,"blog.talosintelligence.com: DragonRank, a Chinese-speaking SEO manipulator service provider",046a03725df3104d02fa33c22e919cc73bed6fd6a905098e98c07f0f1b67fadb,FileHash,
2024-08-29T13:00:00Z,blog.google: State-backed attackers and commercial surveillance vendors repeatedly use the same exploits,21682218bde550b2f06ee2bb4f6a39cff29672ebe27acbb3cee5db79bf6d7297,FileHash,
2024-08-30T13:00:00Z,feeds.fortinet.com: Ransomware Roundup - Underground,9d41b2f7c07110fb855c62b5e7e330a597860916599e73dd3505694fd1bbe163,FileHash,
2024-08-30T13:00:00Z,feeds.fortinet.com: Ransomware Roundup - Underground,cc80c74a3592374341324d607d877dcf564d326a1354f3f2a4af58030e716813,FileHash,
2024-09-03T13:00:00Z,feeds.fortinet.com: Emansrepo Stealer: Multi-Vector Attack Chains,a2fa6790035c7af64146158f1ed20cb54f4589783e1f260a5d8e4f30b81df70d,FileHash,
2024-09-02T10:00:38Z,unit42.paloaltonetworks.com: Spoofed GlobalProtect Used to Deliver Unique WikiLoader Variant,534c989d110ece8c429d2ded913933b961710726d8655b858474bc31dfed25c3,FileHash,
2024-09-03T13:00:00Z,feeds.fortinet.com: Emansrepo Stealer: Multi-Vector Attack Chains,222dd76c461e70c3cb330bacfcf465751b07331c4f8a4415c09f4cd7c4e6fcd9,FileHash,
2024-08-29T13:00:00Z,blog.google: State-backed attackers and commercial surveillance vendors repeatedly use the same exploits,d19dcbb7ab91f908d70739968b14b26d7f6301069332609c78aafc0053b6a7e1,FileHash,
2024-09-05T13:00:00Z,feeds.fortinet.com: Threat Actors Exploit GeoServer Vulnerability CVE-2024-36401,209.146.124.181,IPv4,
2024-08-30T13:00:00Z,feeds.fortinet.com: Ransomware Roundup - Underground,9543f71d7c4e394223c9d41ccef71541e1f1eb0cc76e8fa0f632b8365069af64,FileHash,
2024-09-09T22:00:58Z,unit42.paloaltonetworks.com: Threat Assessment: North Korean Threat Groups,a64fa9f1c76457ecc58402142a8728ce34ccba378c17318b3340083eeb7acc67,FileHash,
2024-09-09T22:00:58Z,unit42.paloaltonetworks.com: Threat Assessment: North Korean Threat Groups,23.227.202.54,IPv4,
2024-09-06T22:00:58Z,unit42.paloaltonetworks.com: Chinese APT Abuses VSCode to Target Government in Asia,acedfe9c662c2666787cbbf8d3a0225863bab2c239777594b003381244ed81ba,FileHash,
2024-09-05T13:00:00Z,feeds.fortinet.com: Threat Actors Exploit GeoServer Vulnerability CVE-2024-36401,112.133.194.254,IPv4,
2024-09-09T22:00:58Z,unit42.paloaltonetworks.com: Threat Assessment: North Korean Threat Groups,levelframeblog.com,Domain,
2024-08-29T13:00:00Z,blog.google: State-backed attackers and commercial surveillance vendors repeatedly use the same exploits,8bd9a73da704b4d7314164bff71ca76c15742dcc343304def49b1e4543478d1a,FileHash,
2024-09-11T20:06:07Z,research.checkpoint.com: Targeted Iranian Attacks Against Iraqi Government Infrastructure,37.1.213.152,IPv4,
2024-09-06T22:00:58Z,unit42.paloaltonetworks.com: Chinese APT Abuses VSCode to Target Government in Asia,ac34e1fb4288f8ad996b821c89b8cd82a61ed02f629b60fff9eb050aaf49fc31,FileHash,
2024-09-10T10:00:54Z,"news.sophos.com: Crimson Palace returns: New Tools, Tactics, and Targets ",103.19.16.248,IPv4,
2024-09-04T12:00:56Z,"www.reliaquest.com: Top Cyber Attacker Techniques, May–July 2024",185.248.85.51,IPv4,
2024-08-30T13:00:00Z,feeds.fortinet.com: Ransomware Roundup - Underground,eb8ed3b94fa978b27a02754d4f41ffc95ed95b9e62afb492015d0eb25f89956f,FileHash,
2024-09-10T10:00:54Z,"news.sophos.com: Crimson Palace returns: New Tools, Tactics, and Targets ",107.148.41.114,IPv4,
2024-09-13T05:39:00Z,thehackernews.com: New Linux Malware Campaign Exploits Oracle Weblogic to Mine Cryptocurrency,89.185.85.102,IPv4,
2024-09-09T22:00:58Z,unit42.paloaltonetworks.com: Threat Assessment: North Korean Threat Groups,146.19.173.125,IPv4,
2024-09-09T22:00:58Z,unit42.paloaltonetworks.com: Threat Assessment: North Korean Threat Groups,88.119.174.148,IPv4,
2024-09-10T10:00:54Z,"news.sophos.com: Crimson Palace returns: New Tools, Tactics, and Targets ",198.13.47.158,IPv4,
2024-09-09T22:00:58Z,unit42.paloaltonetworks.com: Threat Assessment: North Korean Threat Groups,c6a48365c3db9761bd60981bdcdd87aced23d8e60067caa30fee501bf4b47b84,FileHash,
2024-09-10T10:00:08Z,"unit42.paloaltonetworks.com: Threat Assessment: Repellent Scorpius, Distributors of Cicada3301 Ransomware",91.238.181.238,IPv4,
2024-09-10T04:00:00Z,"blog.talosintelligence.com: DragonRank, a Chinese-speaking SEO manipulator service provider",f748b210677a44597a724126a3d97173d97840b59d6deaf010c370657afc01f8,FileHash,
2024-09-10T10:00:54Z,"news.sophos.com: Crimson Palace returns: New Tools, Tactics, and Targets ",103.56.5.224,IPv4,
2024-09-03T13:00:00Z,feeds.fortinet.com: Emansrepo Stealer: Multi-Vector Attack Chains,b343cce5381b8633b3fd3da56698f60db70c75422e120235a00517d519e37d8d,FileHash,
2024-09-04T12:00:56Z,"www.reliaquest.com: Top Cyber Attacker Techniques, May–July 2024",185.195.232.153,IPv4,
2024-09-09T22:00:58Z,unit42.paloaltonetworks.com: Threat Assessment: North Korean Threat Groups,198.244.135.250,IPv4,
2024-09-06T22:00:58Z,unit42.paloaltonetworks.com: Chinese APT Abuses VSCode to Target Government in Asia,216.83.40.84,IPv4,
2024-09-09T22:00:58Z,unit42.paloaltonetworks.com: Threat Assessment: North Korean Threat Groups,c7f4aa77be7f7afe9d0665d3e705dbf7794bc479bb9c44488c7bf4169f8d14fe,FileHash,
2024-09-09T22:00:58Z,unit42.paloaltonetworks.com: Threat Assessment: North Korean Threat Groups,7667d1b8fcc4f712084e3e3f8b4ab505ab150c52aea7b219249ec508b4b0e224,FileHash,
2024-09-10T10:00:54Z,"news.sophos.com: Crimson Palace returns: New Tools, Tactics, and Targets ",64.176.37.107,IPv4,
2024-08-30T13:00:00Z,feeds.fortinet.com: Ransomware Roundup - Underground,d4a847fa9c4c7130a852a2e197b205493170a8b44426d9ec481fc4b285a92666,FileHash,
2024-09-06T22:00:58Z,unit42.paloaltonetworks.com: Chinese APT Abuses VSCode to Target Government in Asia,3cc5ee93a9ba1fc57389705283b760c8bd61f35e9398bbfa3210e2becf6d4b05,FileHash,
2024-08-29T13:00:00Z,blog.google: State-backed attackers and commercial surveillance vendors repeatedly use the same exploits,df21c2615bc66c369690cf35aa5a681aed1692a5255d872427a2970e2894b2e3,FileHash,
2024-09-03T13:00:00Z,feeds.fortinet.com: Emansrepo Stealer: Multi-Vector Attack Chains,192.236.232.35,IPv4,
2024-09-05T13:00:00Z,feeds.fortinet.com: Threat Actors Exploit GeoServer Vulnerability CVE-2024-36401,95.85.93.196,IPv4,
2024-08-30T13:00:00Z,feeds.fortinet.com: Ransomware Roundup - Underground,9f702b94a86558df87de316611d9f1bfe99a6d8da9fa9b3d7bb125a12f9ad11f,FileHash,
2024-09-10T10:00:54Z,"news.sophos.com: Crimson Palace returns: New Tools, Tactics, and Targets ",64.176.50.42,IPv4,
2024-09-09T22:00:58Z,unit42.paloaltonetworks.com: Threat Assessment: North Korean Threat Groups,38.132.124.88,IPv4,
2024-09-05T13:00:00Z,feeds.fortinet.com: Threat Actors Exploit GeoServer Vulnerability CVE-2024-36401,47.253.46.11,IPv4,
2024-09-05T13:00:00Z,feeds.fortinet.com: Threat Actors Exploit GeoServer Vulnerability CVE-2024-36401,181.214.58.14,IPv4,
2024-09-10T04:00:00Z,"blog.talosintelligence.com: DragonRank, a Chinese-speaking SEO manipulator service provider",785d92dc175cb6b7889f07aa2a65d6c99e59dc1bbc9edb8f5827668fd249fa2e,FileHash,
2024-09-10T04:00:00Z,"blog.talosintelligence.com: DragonRank, a Chinese-speaking SEO manipulator service provider",35.247.175.184,IPv4,
2024-09-05T13:00:00Z,feeds.fortinet.com: Threat Actors Exploit GeoServer Vulnerability CVE-2024-36401,188.214.27.50,IPv4,
2024-09-10T10:00:54Z,"news.sophos.com: Crimson Palace returns: New Tools, Tactics, and Targets ",178.128.221.202,IPv4,
2024-09-13T05:39:00Z,thehackernews.com: New Linux Malware Campaign Exploits Oracle Weblogic to Mine Cryptocurrency,185.174.136.204,IPv4,
2024-09-10T10:00:54Z,"news.sophos.com: Crimson Palace returns: New Tools, Tactics, and Targets ",45.77.46.245,IPv4,
2024-09-09T22:00:58Z,unit42.paloaltonetworks.com: Threat Assessment: North Korean Threat Groups,23.254.226.90,IPv4,
2024-09-03T13:00:00Z,feeds.fortinet.com: Emansrepo Stealer: Multi-Vector Attack Chains,191.101.130.185,IPv4,
2024-09-10T10:00:54Z,"news.sophos.com: Crimson Palace returns: New Tools, Tactics, and Targets ",49.157.28.114,IPv4,
2024-09-10T10:00:54Z,"news.sophos.com: Crimson Palace returns: New Tools, Tactics, and Targets ",141.136.44.219,IPv4,
2024-09-06T22:00:58Z,unit42.paloaltonetworks.com: Chinese APT Abuses VSCode to Target Government in Asia,185.132.125.72,IPv4,
2024-09-10T10:00:54Z,"news.sophos.com: Crimson Palace returns: New Tools, Tactics, and Targets ",123.253.35.100,IPv4,
2024-09-10T10:00:08Z,"unit42.paloaltonetworks.com: Threat Assessment: Repellent Scorpius, Distributors of Cicada3301 Ransomware",103.42.240.37,IPv4,
